,rows,numeric,numeric_on_non_temperature,malformed,out_of_order,dangling_begin,unmatched_end
hh101,222858,0,0,0,1,0,0
hh102,281873,0,439,0,0,0,0
hh103,112474,0,0,0,0,3,2
hh104,344701,0,0,1,0,11,6
hh105,147075,0,0,1,1,0,1
hh106,202546,0,0,0,0,0,0
hh107,203300,0,0,0,0,0,0
hh108,285795,0,0,0,0,0,0
hh109,399346,0,193,0,2,1,0
hh110,98768,0,108,0,0,0,0
hh111,221284,0,0,0,0,0,0
hh112,468709,0,187,0,0,0,0
hh113,2282244,0,0,0,0,0,0
hh114,135427,0,326,0,0,0,0
hh115,1605566,0,5456,0,0,1,0
hh116,388627,0,0,0,0,0,0
hh117,778094,0,7905,0,0,0,0
hh118,179693,0,159,0,0,0,1
hh119,92740,0,0,0,0,0,0
hh120,219381,0,0,0,1,0,0
hh121,122648,0,0,0,1,1,0
hh122,129936,0,0,0,0,0,0
hh123,106836,0,0,0,0,0,0
hh124,13374,0,0,0,0,0,0
hh125,216228,0,0,0,0,0,0
hh126,111801,0,0,0,0,30,165
hh127,50843,0,0,0,0,71,61
hh128,402570,0,0,0,0,285,227
hh129,160678,0,0,0,0,0,0
hh130,121598,0,0,0,0,0,0
ihs06,309759,3669,1215,1,1,0,0
ihs07,451519,6154,2902,0,1,0,0
ihs08,456827,7594,2026,0,1,0,0
ihs09,757109,0,3919,1,2,2,2
ihs11,435820,0,0,0,0,0,0
mn50,99928,0,0,0,0,1,1
mn51,175521,0,0,0,0,0,0
mn57,256360,0,0,0,0,0,0
mn61,173969,2618,1151,1,0,0,2
mn71,132698,0,0,0,0,2,2
mn77,232333,622,231,0,0,0,0
mn82,62860,0,0,1,1,0,0
mn83,383652,0,0,1,2,7,7
mv001,3368850,0,0,0,1,0,0
mva001,195155,0,0,0,0,1,0
mva002,365871,2050,81278,1,0,0,0
mva003,419379,0,0,1,1,0,0
mva004,138763,0,0,0,0,0,0
rw101,108862,1122,40153,0,0,0,0
rw103,154289,903,43972,0,0,0,0
rw104,228225,321,56557,0,1,0,0
rw105,98147,734,411,0,0,0,0
rw106,114375,508,229,0,0,0,0
rw107,89118,642,996,0,0,0,0
rw110,172488,2437,41214,309,0,1,1
tm001,248180,0,0,0,0,1,1
tm002,806980,0,0,0,0,3,3
tm003,209095,0,0,0,0,0,0
tm004,796748,20,1,3,0,7,7
tm005,272835,0,0,1,0,1,1
tm006,222154,0,0,0,0,0,0
tm007,84429,0,0,0,0,1,1
tm008,156884,0,0,0,0,0,0
tm009,207550,0,0,0,0,0,0
tm010,391352,0,0,0,0,0,0
tm011,571037,0,0,0,0,0,0
tm013,295910,0,0,0,0,5,5
tm014,164863,1544,595,1,0,0,0
tm015,160436,0,0,0,0,0,0
tm016,75437,6032,168,0,0,0,0
tm017,101337,4309,8735,0,1,0,0
tm018,142139,1412,709,0,0,0,0
tm019,108211,779,1627,0,0,0,0
tm020,164100,1098,681,0,0,0,0
tm021,188280,681,205,0,0,0,0
tm022,304472,1325,743,0,0,1,1
tm026,270746,6058,152,0,0,0,0
tm029,168977,1374,0,0,1,0,0
tm035,174579,3832,1079,1,0,0,0
tm037,144982,1198,562,0,0,0,0
tm038,428024,1290,2410,0,1,2,2
milan,421392,0,0,0,1,0,0
aruba,1602821,0,0,0,1,0,0
