,events_in,sensors_in,dropped_type_events,merged_case_sensors,dropped_repeat_events,events_out,sensors_out,removed_share,group
uci_b,4668,12,0,0,2,4666,12,0.00042844901456728923,Paper test
kasteren_a,2636,14,0,0,0,2636,14,0.0,Paper test
kasteren_c,45400,21,0,0,752,44648,21,0.016563876651982334,Paper test
mural,8543,23,0,0,64,8479,23,0.007491513519840787,Paper test
hh101,222858,7,0,0,30351,192507,7,0.1361898608082277,CASAS test
hh103,112474,8,0,0,372,112102,8,0.003307431050731724,CASAS test
hh105,147074,10,0,0,29290,117784,10,0.19915144757061076,CASAS test
hh110,98686,11,26,0,17582,81078,10,0.17842449790243808,CASAS test
hh119,92740,8,0,0,10766,81974,8,0.11608798792322628,CASAS test
hh122,129936,8,0,0,19148,110788,8,0.1473648565447605,CASAS test
hh102,281505,12,71,0,46412,235022,10,0.16512317720822012,CASAS pretraining
hh104,344700,10,0,0,81770,262930,10,0.2372207716855237,CASAS pretraining
hh106,202546,11,0,0,40120,162426,11,0.19807846118906325,CASAS pretraining
hh107,203300,8,0,0,41029,162271,8,0.2018150516478111,CASAS pretraining
hh108,285795,10,0,0,74342,211453,10,0.2601235151069823,CASAS pretraining
hh109,399200,11,47,0,93327,305826,10,0.23390280561122245,CASAS pretraining
hh111,221284,10,0,0,47112,174172,10,0.21290287594222812,CASAS pretraining
hh112,468586,13,64,0,88333,380189,11,0.18864626770752857,CASAS pretraining
hh113,2282244,10,0,0,225008,2057236,10,0.09859068530796877,CASAS pretraining
hh114,135195,9,94,0,27058,108043,8,0.20083582972743075,CASAS pretraining
hh115,1601811,12,1701,0,263038,1337072,10,0.16527480458056543,CASAS pretraining
hh116,388627,11,0,0,47659,340968,11,0.12263429972698758,CASAS pretraining
hh117,771229,9,1040,0,188698,581491,7,0.24602031303283456,CASAS pretraining
hh118,179599,11,65,0,38506,141028,10,0.2147617748428443,CASAS pretraining
hh120,219381,9,0,0,30098,189283,9,0.13719510805402468,CASAS pretraining
hh121,122648,9,0,0,24980,97668,9,0.20367229795838493,CASAS pretraining
hh123,106836,7,0,0,16976,89860,7,0.15889774982215732,CASAS pretraining
hh124,13374,9,0,0,1896,11478,9,0.14176760879318084,CASAS pretraining
hh125,216228,7,0,0,38436,177792,7,0.1777568122537322,CASAS pretraining
hh126,111801,5,0,0,25594,86207,5,0.22892460711442653,CASAS pretraining
hh127,50843,6,0,0,3432,47411,6,0.06750191766811553,CASAS pretraining
hh128,402570,7,0,0,86792,315778,7,0.21559480338823067,CASAS pretraining
hh129,160678,6,0,0,40082,120596,6,0.2494554326043391,CASAS pretraining
hh130,121598,6,0,0,14972,106626,6,0.12312702511554463,CASAS pretraining
ihs06,305693,27,116,0,47,305530,26,0.0005332146957895967,CASAS pretraining
ihs07,443436,33,317,0,57,443062,32,0.0008434137056981816,CASAS pretraining
ihs08,448662,31,86,0,39,448537,30,0.00027860616678032635,CASAS pretraining
ihs09,753603,23,414,0,84,753105,22,0.0006608253948033882,CASAS pretraining
ihs11,435820,18,0,0,152,435668,18,0.0003487678399338723,CASAS pretraining
mn50,99928,9,0,0,23087,76841,9,0.23103634616924185,CASAS pretraining
mn51,175521,8,0,0,39206,136315,8,0.22336928344756468,CASAS pretraining
mn57,256360,7,0,0,71782,184578,7,0.2800046809174598,CASAS pretraining
mn61,170468,37,84,0,2907,167477,36,0.017545815050332036,CASAS pretraining
mn71,132698,20,0,0,12,132686,20,9.043090325400183e-05,CASAS pretraining
mn77,231641,37,24,0,20376,211241,36,0.08806731105460608,CASAS pretraining
mn82,62859,30,0,0,2298,60561,30,0.036558010786044925,CASAS pretraining
mn83,383651,26,0,0,7617,376034,26,0.019853981874151216,CASAS pretraining
mv001,3368850,8,0,0,194539,3174311,8,0.057746411980349355,CASAS pretraining
mva001,195155,9,0,0,37697,157458,9,0.19316440777843258,CASAS pretraining
mva002,292995,46,10235,0,35,282725,24,0.035051792692708084,CASAS pretraining
mva003,419378,21,0,0,22,419356,21,5.2458641130459505e-05,CASAS pretraining
mva004,138763,21,0,0,39,138724,21,0.00028105474802364583,CASAS pretraining
rw101,72624,29,4661,0,13,67950,15,0.06435888962326508,CASAS pretraining
rw103,116886,39,7154,0,18,109714,20,0.06135893092414835,CASAS pretraining
rw104,178390,38,6931,0,3,171456,19,0.03886989181007905,CASAS pretraining
rw105,97503,18,95,0,14,97394,17,0.0011179143205850561,CASAS pretraining
rw106,113834,23,76,0,0,113758,22,0.0006676388425250757,CASAS pretraining
rw107,88686,19,779,0,0,87907,18,0.008783799021266026,CASAS pretraining
rw110,134244,46,5290,0,34,128920,24,0.039659128154703405,CASAS pretraining
tm001,248180,17,0,0,13,248167,17,5.238133612694984e-05,CASAS pretraining
tm002,806980,9,0,0,142239,664741,9,0.17626087387543676,CASAS pretraining
tm003,209095,15,0,0,6,209089,15,2.869509074820975e-05,CASAS pretraining
tm004,796745,31,1,3,4,796740,27,6.2755335772379794e-06,CASAS pretraining
tm005,272834,19,0,0,55,272779,19,0.00020158777864931476,CASAS pretraining
tm006,222154,9,0,0,36032,186122,9,0.16219379349460283,CASAS pretraining
tm007,84429,8,0,0,9556,74873,8,0.11318385862677516,CASAS pretraining
tm008,156884,9,0,0,31502,125382,9,0.20079804186532724,CASAS pretraining
tm009,207550,8,0,0,16824,190726,8,0.08105998554565164,CASAS pretraining
tm010,391352,22,0,0,0,391352,22,0.0,CASAS pretraining
tm011,571037,29,0,0,22,571015,29,3.8526400215732615e-05,CASAS pretraining
tm013,295910,13,0,0,4,295906,13,1.3517623601799755e-05,CASAS pretraining
tm014,163224,21,113,0,1,163110,20,0.0006984267019556345,CASAS pretraining
tm015,160436,14,0,0,0,160436,14,0.0,CASAS pretraining
tm016,71452,23,166,0,15,71271,22,0.002533169120528478,CASAS pretraining
tm017,90637,26,1567,0,1,89069,25,0.017299778236261165,CASAS pretraining
tm018,140755,17,173,0,0,140582,16,0.0012290860004973148,CASAS pretraining
tm019,106632,19,687,0,1,105944,18,0.0064520969315027266,CASAS pretraining
tm020,162747,28,156,0,21,162570,27,0.0010875776512009327,CASAS pretraining
tm021,187859,22,20,0,0,187839,21,0.00010646282584281241,CASAS pretraining
tm022,303018,20,239,0,11,302768,19,0.0008250334963599837,CASAS pretraining
tm026,265427,27,72,0,0,265355,26,0.0002712610246885516,CASAS pretraining
tm029,168025,27,0,0,0,168025,27,0.0,CASAS pretraining
tm035,170173,30,141,0,1,170031,29,0.000834444947200752,CASAS pretraining
tm037,143711,19,55,0,0,143656,18,0.0003827125272247711,CASAS pretraining
tm038,424816,20,158,0,36,424622,19,0.0004566682987457993,CASAS pretraining
milan,421392,11,0,0,98686,322706,11,0.23419049246307477,CASAS Milan/Aruba
aruba,1602821,11,0,0,361149,1241672,11,0.22532085616547326,CASAS Milan/Aruba
