dataset,group,family,events,days,start,end,year,sensors,classes,events_per_day,labelled_share
uci_b,Paper test,uci_b,4668,21.2,2012-11-11,2012-12-03,2012,12,11,221,0.639
kasteren_a,Paper test,kasteren_a,2636,27.8,2008-02-25,2008-03-23,2008,14,8,95,0.795
kasteren_c,Paper test,kasteren_c,45400,18.4,2008-11-19,2008-12-08,2008,21,18,2468,0.948
mural,Paper test,mural,8543,140.5,2024-01-03,2024-05-22,2024,23,27,61,0.983
hh101,CASAS test,hh,222858,59.6,2012-07-20,2012-09-17,2012,7,35,3742,0.721
hh103,CASAS test,hh,112474,57.5,2011-06-15,2011-08-11,2011,8,33,1956,0.707
hh105,CASAS test,hh,147074,60.7,2011-06-15,2011-08-14,2011,10,34,2424,0.608
hh110,CASAS test,hh,98686,30.4,2011-06-15,2011-07-15,2011,11,32,3246,0.708
hh119,CASAS test,hh,92740,31.0,2012-01-28,2012-02-27,2012,8,33,2994,0.701
hh122,CASAS test,hh,129936,29.9,2013-04-01,2013-04-30,2013,8,34,4344,0.667
hh102,CASAS pretraining,hh,281505,61.9,2011-06-15,2011-08-15,2011,12,36,4545,0.619
hh104,CASAS pretraining,hh,344700,61.0,2011-06-15,2011-08-14,2011,10,36,5652,0.673
hh106,CASAS pretraining,hh,202546,61.8,2011-06-15,2011-08-15,2011,11,37,3275,0.592
hh107,CASAS pretraining,hh,203300,30.9,2012-07-20,2012-08-20,2012,8,28,6580,0.758
hh108,CASAS pretraining,hh,285795,61.0,2011-09-01,2011-10-31,2011,10,34,4688,0.529
hh109,CASAS pretraining,hh,399200,61.0,2011-06-15,2011-08-14,2011,11,35,6547,0.601
hh111,CASAS pretraining,hh,221284,61.0,2011-06-15,2011-08-14,2011,10,35,3629,0.782
hh112,CASAS pretraining,hh,468586,108.0,2011-06-15,2011-09-30,2011,13,34,4339,0.594
hh113,CASAS pretraining,hh,2282244,509.4,2011-06-15,2012-11-05,2011,10,35,4481,0.76
hh114,CASAS pretraining,hh,135195,30.4,2011-06-15,2011-07-15,2011,9,35,4444,0.654
hh115,CASAS pretraining,hh,1601811,320.0,2011-06-15,2012-04-29,2011,12,36,5006,0.789
hh116,CASAS pretraining,hh,388627,61.4,2011-06-15,2011-08-15,2011,11,35,6332,0.924
hh117,CASAS pretraining,hh,771229,345.6,2011-06-15,2012-05-25,2011,9,33,2232,0.731
hh118,CASAS pretraining,hh,179599,30.4,2011-06-15,2011-07-15,2011,11,31,5916,0.859
hh120,CASAS pretraining,hh,219381,64.0,2012-01-28,2012-03-31,2012,9,35,3428,0.771
hh121,CASAS pretraining,hh,122648,10.5,2012-03-01,2012-03-11,2012,9,38,11657,0.729
hh123,CASAS pretraining,hh,106836,30.9,2013-03-02,2013-04-01,2013,7,33,3460,0.818
hh124,CASAS pretraining,hh,13374,60.7,2013-03-01,2013-04-30,2013,9,24,220,0.789
hh125,CASAS pretraining,hh,216228,60.9,2013-03-01,2013-04-30,2013,7,35,3552,0.738
hh126,CASAS pretraining,hh,111801,36.5,2013-08-01,2013-09-06,2013,5,33,3062,0.492
hh127,CASAS pretraining,hh,50843,26.4,2014-07-25,2014-08-20,2014,6,30,1927,0.67
hh128,CASAS pretraining,hh,402570,61.0,2013-11-01,2013-12-31,2013,7,32,6602,0.433
hh129,CASAS pretraining,hh,160678,30.9,2014-05-30,2014-06-29,2014,6,33,5203,0.515
hh130,CASAS pretraining,hh,121598,30.0,2014-06-19,2014-07-18,2014,6,28,4058,0.715
ihs06,CASAS pretraining,ihs,305693,67.0,2015-10-08,2015-12-13,2015,27,29,4565,0.831
ihs07,CASAS pretraining,ihs,443436,70.7,2015-10-04,2015-12-13,2015,33,30,6270,0.784
ihs08,CASAS pretraining,ihs,448662,62.0,2015-10-17,2015-12-17,2015,31,33,7239,0.76
ihs09,CASAS pretraining,ihs,753603,67.4,2015-10-11,2015-12-17,2015,23,34,11178,0.82
ihs11,CASAS pretraining,ihs,435820,52.4,2015-11-18,2016-01-10,2015,18,28,8318,0.793
mn50,CASAS pretraining,mn,99928,15.3,2019-03-21,2019-04-05,2019,9,33,6530,0.754
mn51,CASAS pretraining,mn,175521,30.3,2019-02-20,2019-03-22,2019,8,28,5791,0.692
mn57,CASAS pretraining,mn,256360,26.4,2019-04-16,2019-05-12,2019,7,26,9716,0.745
mn61,CASAS pretraining,mn,170468,31.8,2019-05-03,2019-06-03,2019,37,32,5361,0.63
mn71,CASAS pretraining,mn,132698,29.9,2019-06-22,2019-07-21,2019,20,31,4436,0.516
mn77,CASAS pretraining,mn,231641,31.9,2019-08-16,2019-09-16,2019,37,30,7253,0.741
mn82,CASAS pretraining,mn,62859,14.5,2019-11-08,2019-11-22,2019,30,26,4322,0.665
mn83,CASAS pretraining,mn,383651,64.4,2019-10-30,2020-01-02,2019,26,35,5959,0.711
mv001,CASAS pretraining,mv,3368850,1448.2,2013-07-11,2017-06-28,2013,8,1,2326,0.0
mva001,CASAS pretraining,mva,195155,31.0,2019-01-04,2019-02-03,2019,9,27,6296,0.819
mva002,CASAS pretraining,mva,292995,62.0,2018-12-19,2019-02-18,2018,46,27,4726,0.872
mva003,CASAS pretraining,mva,419378,61.0,2019-04-27,2019-06-26,2019,21,26,6876,0.897
mva004,CASAS pretraining,mva,138763,60.9,2019-05-01,2019-06-30,2019,21,26,2279,0.865
rw101,CASAS pretraining,rw,72624,30.0,2014-09-23,2014-10-22,2014,29,32,2423,0.634
rw103,CASAS pretraining,rw,116886,30.0,2014-09-26,2014-10-25,2014,39,31,3897,0.604
rw104,CASAS pretraining,rw,178390,23.2,2014-10-01,2014-10-24,2014,38,38,7705,0.84
rw105,CASAS pretraining,rw,97503,31.0,2014-10-01,2014-10-31,2014,18,34,3148,0.803
rw106,CASAS pretraining,rw,113834,25.5,2014-07-25,2014-08-19,2014,23,30,4467,0.617
rw107,CASAS pretraining,rw,88686,30.9,2015-01-05,2015-02-04,2015,19,34,2871,0.694
rw110,CASAS pretraining,rw,134244,31.0,2015-01-01,2015-01-31,2015,46,35,4332,0.665
tm001,CASAS pretraining,tm,248180,61.0,2016-09-16,2016-11-15,2016,17,33,4070,0.852
tm002,CASAS pretraining,tm,806980,161.5,2016-09-14,2017-02-23,2016,9,26,4997,0.687
tm003,CASAS pretraining,tm,209095,70.3,2016-11-22,2017-01-31,2016,15,28,2974,0.834
tm004,CASAS pretraining,tm,796745,62.0,2016-12-01,2017-01-31,2016,31,36,12853,0.664
tm005,CASAS pretraining,tm,272834,30.9,2016-10-28,2016-11-27,2016,19,34,8836,0.78
tm006,CASAS pretraining,tm,222154,30.0,2017-11-16,2017-12-15,2017,9,36,7413,0.626
tm007,CASAS pretraining,tm,84429,29.9,2018-01-06,2018-02-04,2018,8,33,2823,0.673
tm008,CASAS pretraining,tm,156884,30.0,2018-04-01,2018-04-30,2018,9,31,5234,0.717
tm009,CASAS pretraining,tm,207550,60.9,2018-11-01,2018-12-31,2018,8,16,3409,0.954
tm010,CASAS pretraining,tm,391352,61.0,2019-03-27,2019-05-26,2019,22,24,6421,0.875
tm011,CASAS pretraining,tm,571037,60.9,2019-04-01,2019-05-31,2019,29,34,9375,0.852
tm013,CASAS pretraining,tm,295910,61.0,2019-04-01,2019-05-31,2019,13,17,4854,0.934
tm014,CASAS pretraining,tm,163224,61.9,2019-07-01,2019-08-31,2019,21,31,2635,0.89
tm015,CASAS pretraining,tm,160436,31.0,2019-12-11,2020-01-10,2019,14,18,5181,0.495
tm016,CASAS pretraining,tm,71452,32.0,2019-12-15,2020-01-15,2019,23,26,2235,0.806
tm017,CASAS pretraining,tm,90637,31.9,2019-12-15,2020-01-15,2019,26,32,2838,0.631
tm018,CASAS pretraining,tm,140755,31.8,2021-07-19,2021-08-19,2021,17,23,4428,0.756
tm019,CASAS pretraining,tm,106632,31.0,2021-07-25,2021-08-24,2021,19,29,3443,0.824
tm020,CASAS pretraining,tm,162747,28.5,2021-07-14,2021-08-11,2021,28,32,5718,0.747
tm021,CASAS pretraining,tm,187859,32.0,2021-08-15,2021-09-15,2021,22,25,5871,0.795
tm022,CASAS pretraining,tm,303018,32.0,2021-08-15,2021-09-15,2021,20,33,9476,0.661
tm026,CASAS pretraining,tm,265427,32.0,2021-12-06,2022-01-06,2021,27,31,8299,0.737
tm029,CASAS pretraining,tm,168025,32.0,2022-05-08,2022-06-08,2022,27,29,5254,0.559
tm035,CASAS pretraining,tm,170173,31.0,2022-11-15,2022-12-15,2022,30,31,5495,0.713
tm037,CASAS pretraining,tm,143711,32.0,2023-03-06,2023-04-06,2023,19,30,4492,0.888
tm038,CASAS pretraining,tm,424816,32.0,2023-03-05,2023-04-05,2023,20,27,13280,0.565
milan,CASAS Milan/Aruba,milan,421392,82.5,2009-10-16,2010-01-06,2009,11,1,5106,0.0
aruba,CASAS Milan/Aruba,aruba,1602821,220.0,2010-11-04,2011-06-11,2010,11,1,7287,0.0
