dataset,group,motion,door,temperature,numeric codes (undocumented),item contact / pressure / float,power / plug
uci_b,Paper test,0.8016281062553556,0.08783204798628963,0.0,0.0,0.10111396743787489,0.009425878320479864
kasteren_a,Paper test,0.0,0.511380880121396,0.0,0.0,0.48861911987860396,0.0
kasteren_c,Paper test,0.0,0.020572687224669605,0.0,0.0,0.9794273127753303,0.0
mural,Paper test,0.8031136603066839,0.16493035233524522,0.0,0.0,0.0,0.03195598735807093
hh101,CASAS test,0.9944852776207271,0.0055147223792729,0.0,0.0,0.0,0.0
hh103,CASAS test,0.9926027348542774,0.007397265145722567,0.0,0.0,0.0,0.0
hh105,CASAS test,0.9836680854535812,0.01633191454641881,0.0,0.0,0.0,0.0
hh110,CASAS test,0.989066331597187,0.010670206513588553,0.0,0.0002634618892244087,0.0,0.0
hh119,CASAS test,0.9847530731076127,0.01524692689238732,0.0,0.0,0.0,0.0
hh122,CASAS test,1.0,0.0,0.0,0.0,0.0,0.0
hh102,CASAS pretraining,0.9904406671284702,0.00930711710271576,0.0,0.000252215768814053,0.0,0.0
hh104,CASAS pretraining,0.9871134319698288,0.012886568030171163,0.0,0.0,0.0,0.0
hh106,CASAS pretraining,0.9793775241179782,0.020622475882021863,0.0,0.0,0.0,0.0
hh107,CASAS pretraining,0.9943728480078702,0.005627151992129857,0.0,0.0,0.0,0.0
hh108,CASAS pretraining,0.9848772721706118,0.015122727829388198,0.0,0.0,0.0,0.0
hh109,CASAS pretraining,0.9909093186372745,0.008972945891783567,0.0,0.00011773547094188377,0.0,0.0
hh111,CASAS pretraining,0.9935286780788489,0.0064713219211511,0.0,0.0,0.0,0.0
hh112,CASAS pretraining,0.9886104151639187,0.011253003717567319,0.0,0.00013658111851399743,0.0,0.0
hh113,CASAS pretraining,0.984117386221631,0.01588261377836901,0.0,0.0,0.0,0.0
hh114,CASAS pretraining,0.9944968379008099,0.004807870113539702,0.0,0.0006952919856503569,0.0,0.0
hh115,CASAS pretraining,0.9911650001154942,0.0077730768486419435,0.0,0.0010619230358637818,0.0,0.0
hh116,CASAS pretraining,0.9908498380194891,0.009150161980510876,0.0,0.0,0.0,0.0
hh117,CASAS pretraining,0.9909170946631934,0.007734408327487685,0.0,0.0013484970093188924,0.0,0.0
hh118,CASAS pretraining,0.9912304634212885,0.008407619196097975,0.0,0.0003619173826134889,0.0,0.0
hh120,CASAS pretraining,0.9935409173994102,0.006459082600589841,0.0,0.0,0.0,0.0
hh121,CASAS pretraining,0.9958417585284717,0.004158241471528276,0.0,0.0,0.0,0.0
hh123,CASAS pretraining,0.9955071324272717,0.004492867572728294,0.0,0.0,0.0,0.0
hh124,CASAS pretraining,0.9847465231045311,0.01525347689546882,0.0,0.0,0.0,0.0
hh125,CASAS pretraining,0.9930721275690475,0.006927872430952513,0.0,0.0,0.0,0.0
hh126,CASAS pretraining,1.0,0.0,0.0,0.0,0.0,0.0
hh127,CASAS pretraining,1.0,0.0,0.0,0.0,0.0,0.0
hh128,CASAS pretraining,1.0,0.0,0.0,0.0,0.0,0.0
hh129,CASAS pretraining,0.9968259500367194,0.0031740499632805985,0.0,0.0,0.0,0.0
hh130,CASAS pretraining,0.9872859750982746,0.012714024901725357,0.0,0.0,0.0,0.0
ihs06,CASAS pretraining,0.9973077564746331,1.3085023209559917e-05,0.0022996928290801555,0.0003794656730772376,0.0,0.0
ihs07,CASAS pretraining,0.9978012610613481,4.510233720311386e-06,0.0014793566602621347,0.0007148720446693548,0.0,0.0
ihs08,CASAS pretraining,0.9967570242186768,0.0,0.0030512947385782615,0.00019168104274487253,0.0,0.0
ihs09,CASAS pretraining,0.9994506391296213,0.0,0.0,0.0005493608703787007,0.0,0.0
ihs11,CASAS pretraining,1.0,0.0,0.0,0.0,0.0,0.0
mn50,CASAS pretraining,0.995576815307021,0.004423184692978945,0.0,0.0,0.0,0.0
mn51,CASAS pretraining,0.9982908028099202,0.0017091971900798195,0.0,0.0,0.0,0.0
mn57,CASAS pretraining,0.9988921828678421,0.001107817132157903,0.0,0.0,0.0,0.0
mn61,CASAS pretraining,0.9914060116854776,0.007015979538681747,0.0010852476711171598,0.0004927611047234672,0.0,0.0
mn71,CASAS pretraining,0.9964129075042578,0.0035870924957422117,0.0,0.0,0.0,0.0
mn77,CASAS pretraining,0.9976731234971357,0.0016318354695412298,0.0005914324320824034,0.000103608601240713,0.0,0.0
mn82,CASAS pretraining,0.9968182758236689,0.003181724176331154,0.0,0.0,0.0,0.0
mn83,CASAS pretraining,0.999981754250608,1.8245749392025565e-05,0.0,0.0,0.0,0.0
mv001,CASAS pretraining,0.9957359336272021,0.004264066372797839,0.0,0.0,0.0,0.0
mva001,CASAS pretraining,0.9418411006635751,0.058158899336424895,0.0,0.0,0.0,0.0
mva002,CASAS pretraining,0.9632758238195192,0.0010477994505025683,0.0007440400006826055,0.03493233672929572,0.0,0.0
mva003,CASAS pretraining,0.9965472676201422,0.0034527323798577893,0.0,0.0,0.0,0.0
mva004,CASAS pretraining,0.9944149376995308,0.005585062300469145,0.0,0.0,0.0,0.0
rw101,CASAS pretraining,0.9306427627230668,0.0,0.00517735183961225,0.06417988543732099,0.0,0.0
rw103,CASAS pretraining,0.9360744657187345,0.0,0.002720599558544223,0.06120493472272128,0.0,0.0
rw104,CASAS pretraining,0.9605190873927911,0.0,0.0006278378832894221,0.0388530747239195,0.0,0.0
rw105,CASAS pretraining,0.9948616965631827,0.0,0.004163974441812047,0.0009743289950052818,0.0,0.0
rw106,CASAS pretraining,0.9982781945640142,0.0,0.0010541665934606533,0.0006676388425250804,0.0,0.0
rw107,CASAS pretraining,0.9864014613354982,0.0,0.004814739643235685,0.00878379902126604,0.0,0.0
rw110,CASAS pretraining,0.9533610440690087,0.0040597717588868034,0.0031733261821757395,0.03940585798992879,0.0,0.0
tm001,CASAS pretraining,0.9992303972922879,0.0007696027077121444,0.0,0.0,0.0,0.0
tm002,CASAS pretraining,0.9999653027336489,3.4697266351086765e-05,0.0,0.0,0.0,0.0
tm003,CASAS pretraining,0.9975561347712762,0.002443865228723786,0.0,0.0,0.0,0.0
tm004,CASAS pretraining,0.9964493031019962,0.0035243396569793347,2.510213430896962e-05,1.255106715448481e-06,0.0,0.0
tm005,CASAS pretraining,0.9953891377174399,0.004610862282560091,0.0,0.0,0.0,0.0
tm006,CASAS pretraining,0.9961288115451443,0.003871188454855641,0.0,0.0,0.0,0.0
tm007,CASAS pretraining,0.9936040933802367,0.0063959066197633516,0.0,0.0,0.0,0.0
tm008,CASAS pretraining,0.9942505290533132,0.005749470946686724,0.0,0.0,0.0,0.0
tm009,CASAS pretraining,0.9917321127439171,0.008267887256082872,0.0,0.0,0.0,0.0
tm010,CASAS pretraining,0.9985281792350621,0.0014718207649379587,0.0,0.0,0.0,0.0
tm011,CASAS pretraining,0.9989475287941062,0.0010524712058938388,0.0,0.0,0.0,0.0
tm013,CASAS pretraining,0.9955864958940218,0.004413504105978169,0.0,0.0,0.0,0.0
tm014,CASAS pretraining,0.990313924422879,0.0066166740185266875,0.002377101406655884,0.0006923001519384404,0.0,0.0
tm015,CASAS pretraining,0.9836071704604952,0.016392829539504848,0.0,0.0,0.0,0.0
tm016,CASAS pretraining,0.9689441863068914,5.598163802272855e-05,0.028676594077142698,0.0023232379779432348,0.0,0.0
tm017,CASAS pretraining,0.9690192746891446,0.0051193221311384976,0.008572657965290113,0.01728874521442678,0.0,0.0
tm018,CASAS pretraining,0.9887535078682818,0.006010443678732549,0.004006962452488366,0.001229086000497318,0.0,0.0
tm019,CASAS pretraining,0.9880429889714157,0.004201365443769225,0.0013129267011778828,0.006442718883637182,0.0,0.0
tm020,CASAS pretraining,0.99290923949443,0.0044732007348829775,0.0016590167560692362,0.000958543014617781,0.0,0.0
tm021,CASAS pretraining,0.9922548294199373,0.005269909879217924,0.0023687978750019964,0.00010646282584278634,0.0,0.0
tm022,CASAS pretraining,0.9946603832115584,0.003313334521381568,0.0012375502445399283,0.0007887320225201144,0.0,0.0
tm026,CASAS pretraining,0.9966431448194796,0.0,0.003085594155831924,0.0002712610246885208,0.0,0.0
tm029,CASAS pretraining,0.9974884689778307,0.0,0.00251153102216932,0.0,0.0,0.0
tm035,CASAS pretraining,0.9965329400081094,0.0004936153208793404,0.0021448760966780865,0.0008285685743331786,0.0,0.0
tm037,CASAS pretraining,0.9951778221569678,0.0014195155555246292,0.00301994976028279,0.0003827125272247775,0.0,0.0
tm038,CASAS pretraining,0.996542032315167,0.002299819215848744,0.0007862227411396934,0.00037192572784452564,0.0,0.0
milan,CASAS Milan/Aruba,0.9944090063408892,0.005590993659110757,0.0,0.0,0.0,0.0
aruba,CASAS Milan/Aruba,0.9957362674933757,0.004263732506624258,0.0,0.0,0.0,0.0
